<?xml version="1.0" encoding="utf-8"?>
<something-else-entirely>
    <proxool>
        <alias>DBPool</alias>
        <driver-url>jdbc:mysql://localhost:3306/elearninglmstest</driver-url>
        <driver-class>com.mysql.jdbc.Driver</driver-class>
        <driver-properties>
            <property name="user" value="root"/>
            <property name="password" value="123456"/>
            <property name="characterEncoding" value="utf-8" />
        </driver-properties>
        <house-keeping-sleep-time>90000</house-keeping-sleep-time>
        <maximum-new-connections>30</maximum-new-connections>
        <prototype-count>2</prototype-count>
        <maximum-connection-count>30</maximum-connection-count>
        <minimum-connection-count>2</minimum-connection-count>
        <test-before-use>true</test-before-use> 
        <house-keeping-test-sql>select CURRENT_DATE</house-keeping-test-sql>
    </proxool>
        <proxool>
        <alias>DBPool2</alias>
        <driver-url>jdbc:mysql://127.0.0.1:3306/elearninglmstest</driver-url>
        <driver-class>com.mysql.jdbc.Driver</driver-class>
        <driver-properties>
            <property name="user" value="root"/>
            <property name="password" value="123456"/>
            <property name="characterEncoding" value="utf-8" />
        </driver-properties>
        <house-keeping-sleep-time>90000</house-keeping-sleep-time>
        <maximum-new-connections>30</maximum-new-connections>
        <prototype-count>2</prototype-count>
        <maximum-connection-count>30</maximum-connection-count>
        <minimum-connection-count>2</minimum-connection-count>
        <test-before-use>true</test-before-use> 
        <house-keeping-test-sql>select CURRENT_DATE</house-keeping-test-sql>
    </proxool>
</something-else-entirely>