<?xml version="1.0" encoding="utf-8"?>
<!DOCTYPE solr-root [
  <!ELEMENT solr-root ANY>
  <!ELEMENT url  (#PCDATA)>
  <!ATTLIST url name CDATA #IMPLIED>
]>
<solr-root>
	<url>http://localhost:8080/els</url>
	<update>
		<auto>on</auto>
		<period>60</period>
	</update>
	<thread-interval>10</thread-interval>
	<delta-import>
		<url name="course">/course/dataimport?command=delta-import&amp;optimize=true</url>
		<url name="question">/question/dataimport?command=delta-import&amp;optimize=true</url>
		<url name="share">/share/dataimport?command=delta-import&amp;optimize=true</url>
		<url name="user">/user/dataimport?command=delta-import&amp;optimize=true</url>
	</delta-import>
</solr-root>